2Person Name2, 1231231234-XL, AF1234567
4Person Name3, 1231231234-XL, AF1234567
8Person Name7, 1231231234-XL, AF1234567
11Person Name10, 1231231234-XL, AF1234567
12Person Name11, 1231231234-XL, AF1234567
13Person Name12, 1231231234-XL, AF1234567
14Person Name13, 1231231234-XL, AF1234567
15Person Name, 1231231234-XL, AF1234567
17Person Name, 1231231234-XL, AF1234567
18Person Name, 1231231234-XL, AF1234567
20P, 1231231234-XL, AF1234567
21Person Name, 1231231234-XL, AF1234567
22Person Name, 1231231234-XL, AF1234567
24Person Name, 1231231234-XL, AF1234567
25Person Name, 1231231234-XL, AF1234567
